metric,value
roc_auc,0.856589333077685
pr_auc,0.8251218241209068
accuracy,0.7878787878787878
brier,0.14780733467725266
