metric,value
roc_auc,0.9251989262774423
pr_auc,0.9039577014231739
accuracy,0.8585858585858586
brier,0.10803907972837666
