feature,importance
Sex_male,0.22832587681728797
Sex_female,0.21985850662373246
Fare,0.1860990921046396
Age,0.13350927421512387
Pclass,0.09491736674767742
FamilySize,0.05043555890321573
SibSp,0.02812433539973718
Parch,0.02288108218120193
Embarked_S,0.015332548264549065
Embarked_C,0.014436180830497537
Embarked_Q,0.006080177912337205
