feature,abs_coef
Sex_female,1.8063561919196447
Pclass,0.9306431295547366
Sex_male,0.748669604414623
Age,0.5135554209805189
Embarked_S,0.45446915141880995
SibSp,0.22503705131476753
